component,layer,head,abs_delta,std,n,sem,ci95
z,0,10,1.0563777220249175,1.8334428537715886,50,0.25928797496398115,0.508204430929403
z,11,8,0.5858050179481507,0.5490189792638495,50,0.07764300864751689,0.1521802969491331
z,0,6,0.5348890829086304,0.4920522699522907,50,0.06958669935629969,0.13638993073834738
z,15,7,0.4658641767501831,0.30263457722288467,50,0.04279899235516513,0.08388602501612365
z,18,8,0.4264450407028198,1.0795449075059849,50,0.1526707049385772,0.2992345816796113
z,10,8,0.40689982414245607,0.3616123876845269,50,0.05113971429855755,0.1002338400251728
z,19,6,0.3230016040802002,0.2632691354612823,50,0.03723187819235849,0.07297448125702265
z,13,11,0.31981820821762086,0.19959318411889512,50,0.028226738793817173,0.05532440803588166
z,14,9,0.3019396710395813,0.18408480677785957,50,0.026033523037207965,0.05102570515292761
z,18,10,0.29144306898117067,0.2601615515628923,50,0.036792399462826954,0.07211310294714082
z,9,0,0.29092142581939695,0.3150016473054955,50,0.044547960178929806,0.08731400195070242
z,7,3,0.275234591960907,0.23520732583482754,50,0.03326333901651207,0.06519614447236366
z,15,5,0.26797826290130616,0.21077658427445695,50,0.029808310411161262,0.058424288405876074
z,0,3,0.26445484161376953,0.22593235704384815,50,0.03195166035103305,0.06262525428802478
z,9,2,0.2611053419113159,0.34642190797271677,50,0.048991456055818026,0.09602325386940333
z,8,3,0.2561672806739807,0.325452794738868,50,0.04602597562319342,0.09021091222145909
z,10,3,0.2500917387008667,0.24843637616500894,50,0.03513420925593796,0.06886305014163839
z,16,7,0.21817605018615724,0.12039380992875824,50,0.01702625588270185,0.033371461530095625
z,7,8,0.2169521903991699,0.2016074344533381,50,0.02851159680791555,0.05588272974351448
z,19,11,0.21588140487670898,0.18237663320679517,50,0.02579195081409931,0.050552223595634646
z,13,9,0.20450009822845458,0.14788771442972293,50,0.020914481145487343,0.04099238304515519
z,13,7,0.2013176202774048,0.15708203211663943,50,0.022214754022447755,0.0435409178839976
z,8,5,0.19772607326507569,0.22940330156580954,50,0.03244252603275329,0.06358735102419645
z,0,8,0.19683366775512695,0.32777320049990094,50,0.04635413055293956,0.09085409588376155
z,10,5,0.18873518466949463,0.15400060169368432,50,0.02177897395288254,0.04268678894764978
z,9,5,0.18398088932037354,0.13356461668476202,50,0.01888888923687542,0.03702222290427582
z,12,10,0.18100933313369752,0.1428313605862166,50,0.020199404727322946,0.039590833265552974
z,12,7,0.17571028232574462,0.1313777599776513,50,0.018579620995459168,0.03641605715109997
z,15,1,0.17099149227142335,0.1455526882048606,50,0.020584258569917625,0.040345146797038545
z,16,0,0.17093568325042724,0.1791800119001093,50,0.025339880293530712,0.0496661653753202
z,0,1,0.16926267147064208,0.13508104230024365,50,0.01910334420404983,0.03744255463993767
z,16,1,0.16865180015563966,0.1437090076025712,50,0.02032352275867344,0.03983410460699994
z,18,11,0.1632926893234253,0.14462955845836817,50,0.020453708309185664,0.0400892682860039
z,16,3,0.16113195419311524,0.13880529058863314,50,0.01963003244795835,0.038474863597998364
z,15,0,0.15798704624176024,0.1115636023480183,50,0.015777475950776637,0.030923852863522207
z,15,2,0.15431298017501832,0.14263549145257906,50,0.0201717046487989,0.03953654111164584
z,10,10,0.15284987926483154,0.21087486993688712,50,0.02982221010284082,0.05845153180156801
z,0,2,0.15141483306884765,0.14622962798652694,50,0.02067999231193187,0.04053278493138646
z,15,10,0.14971879720687867,0.15688732583704962,50,0.022187218396320246,0.04348694805678768
z,4,9,0.1465057897567749,0.168880802271669,50,0.023883352099704328,0.046811370115420484
z,0,9,0.14559749126434327,0.12981975290725173,50,0.01835928552253594,0.035984199624170446
z,0,7,0.1447253966331482,0.13378161930454316,50,0.01891957804167192,0.03708237296167696
z,12,11,0.14431249618530273,0.09824064075869218,50,0.013893324653716555,0.027230916321284448
z,17,3,0.1432961082458496,0.09846944201821331,50,0.013925682038146836,0.0272943367947678
z,17,7,0.14314378738403322,0.11204502585024886,50,0.015845559515386597,0.031057296650157728
z,5,1,0.14255127906799317,0.18369220637237932,50,0.02597800095540563,0.050916881872595035
z,12,3,0.14102678775787353,0.13694267109474917,50,0.019366618272979228,0.03795857181503929
z,20,7,0.1406299114227295,0.15650165828276047,50,0.022132676767735948,0.043380046464762456
z,10,11,0.14015095233917235,0.13519156869080026,50,0.01911897499610236,0.03747319099236063
z,16,6,0.13926386833190918,0.10185173345182999,50,0.014404010279878742,0.028231860148562334
z,23,8,0.13473039627075195,0.20956368057908356,50,0.029636779925576315,0.05808808865412958
z,10,9,0.13391014575958252,0.12302704437499874,50,0.01739865146937998,0.03410135687998476
z,11,11,0.12903318881988526,0.1038602093626272,50,0.014688051667153649,0.02878858126762115
z,17,4,0.1288955545425415,0.09460539576639952,50,0.01337922337665164,0.026223277818237214
z,1,4,0.12773815393447877,0.15219737005266526,50,0.021523958488599594,0.0421869586376552
z,11,9,0.1265467643737793,0.1484376478545438,50,0.020992253476265738,0.041144816813480846
z,0,5,0.12651194095611573,0.11483957010147472,50,0.016240767753460134,0.031831904796781864
z,14,3,0.12601566791534424,0.15972799606114307,50,0.022588949832034484,0.04427434167078759
z,3,10,0.12529274463653564,0.1126655460481503,50,0.01593331432334646,0.031229296073759065
z,27,10,0.12506958961486817,0.1086175808500982,50,0.015360845595036504,0.030107257366271546
z,16,5,0.12483302116394043,0.12331391404017472,50,0.01743922096649251,0.03418087309432532
z,2,3,0.12441652297973632,0.10772634436715935,50,0.01523480572289112,0.029860219216866598
z,16,4,0.12280179977416993,0.13052720165802487,50,0.01845933388433867,0.03618029441330379
z,19,9,0.12155440330505371,0.1334712807317785,50,0.01887568953981879,0.03699635149804483
z,13,4,0.12132287502288819,0.1013119379132535,50,0.014327671662722407,0.028082236458935917
z,18,1,0.12132017135620117,0.12084287016478532,50,0.017089762590313043,0.03349593467701356
z,6,4,0.12113438129425048,0.10352517371591737,50,0.0146406704716081,0.028695714124351873
z,13,10,0.12093111991882324,0.09434026844170713,50,0.013341728710818072,0.02614978827320342
z,11,7,0.12016733646392823,0.11879738489699183,50,0.016800487289578253,0.032928955087573375
z,13,6,0.11983128547668458,0.11596085896534987,50,0.016399341945323147,0.03214271021283337
z,8,6,0.11933299541473388,0.11674851336278091,50,0.016510733098454126,0.03236103687297009
z,16,8,0.11675786018371583,0.08132297439298461,50,0.011500805331907876,0.022541578450539435
z,15,11,0.11615419864654541,0.10736604226698758,50,0.015183851311229679,0.02976034857001017
z,25,8,0.11493928909301758,0.1178715390348159,50,0.016669552912082632,0.03267232370768196
z,5,6,0.11401886463165284,0.07273347829072412,50,0.010286067143731112,0.02016069160171298
z,12,2,0.11371117115020751,0.12463765115122388,50,0.017626425664038742,0.03454779430151593
z,8,8,0.11319635391235351,0.12573931309358666,50,0.017782224190042713,0.034853159412483715
z,7,2,0.11226305961608887,0.11890955712141363,50,0.01681635083768814,0.03296004764186875
z,9,11,0.11144436359405517,0.10053341521953689,50,0.01421757192751548,0.02786644097793034
z,18,7,0.11061046123504639,0.09812630664916072,50,0.01387715536888243,0.027199224523009564
z,11,2,0.11019009113311767,0.11104046197876964,50,0.015703492730255002,0.030778845751299803
z,19,3,0.1098874568939209,0.13528103713297066,50,0.019131627744534536,0.03749799037928769
z,11,10,0.10954144477844238,0.08925341135735683,50,0.012622338482963886,0.024739783426609218
z,20,4,0.10944292306900025,0.12281651367909462,50,0.017368877932835636,0.034043000748357845
z,10,4,0.10899834156036377,0.12345393215577337,50,0.017459022518298263,0.0342196841358646
z,7,7,0.10799968242645264,0.08842992193958532,50,0.012505879492655567,0.02451152380560491
z,20,8,0.10709706783294677,0.1164857877161899,50,0.016473578081194904,0.03228821303914201
z,7,4,0.10578070640563965,0.11243777154883973,50,0.015901102144737687,0.031166160203685865
z,19,8,0.10522915363311768,0.09491641477884338,50,0.013423208107207039,0.026309487890125795
z,4,7,0.10522302627563476,0.08200465788646892,50,0.011597209936081014,0.022730531474718787
z,13,0,0.10419509887695312,0.08946559713995597,50,0.012652346084113331,0.02479859832486213
z,13,1,0.10353891372680664,0.0862147871366485,50,0.012192612124575775,0.02389751976416852
z,17,0,0.10327690124511718,0.10340955132182882,50,0.014624318995824693,0.028663665231816397
z,22,5,0.10238226413726807,0.11312621985952169,50,0.015998463438533613,0.03135698833952588
z,16,9,0.10204442024230957,0.07828958945004184,50,0.011071819919287075,0.021700767041802668
z,10,0,0.10083223819732666,0.06834182534052641,50,0.00966499362739057,0.01894338750968552
z,15,3,0.10081773281097411,0.08557137024547928,50,0.012101619235200632,0.02371917370099324
z,5,8,0.09953719854354859,0.1116362806474288,50,0.015787754214448287,0.030943998260318642
z,8,2,0.09850249290466309,0.09498235834545274,50,0.01343253393583206,0.026327766514230837
z,6,0,0.09844444274902343,0.1257101472893804,50,0.01777809952245611,0.03484507506401398
z,12,9,0.09826014995574951,0.08116073311796224,50,0.01147786095075654,0.02249660746348282
z,10,1,0.09781259536743164,0.06202863654763849,50,0.008772173906118178,0.01719346085599163
z,3,0,0.09726644039154053,0.09834220220356478,50,0.013907687610991858,0.02725906771754404
z,17,9,0.09708314418792724,0.07939001449522765,50,0.011227443521614753,0.022005789302364916
z,25,3,0.09675979614257812,0.06081834311720421,50,0.008601012567741057,0.016857984632772473
z,11,6,0.09599701404571533,0.09522325765346991,50,0.013466602242688476,0.02639454039566941
z,13,2,0.09526478767395019,0.08780101359926873,50,0.012416938422219038,0.024337199307549313
z,7,0,0.09484384059906006,0.08856034780152149,50,0.012524324494939,0.024547676010080437
z,13,8,0.09457747459411621,0.1067118857096715,50,0.015091339603702509,0.029579025623256917
z,7,10,0.09435497760772706,0.07200713001645077,50,0.010183345985682747,0.019959358131938183
z,9,10,0.09393563270568847,0.09397915153483642,50,0.013290659068088193,0.026049691773452857
z,0,11,0.09388514518737794,0.0712211571700341,50,0.010072192639776803,0.019741497573962534
z,8,11,0.0938827133178711,0.11450594916520285,50,0.016193586628183404,0.03173942979123947
z,10,7,0.09328291893005371,0.09759170420626376,50,0.013801551166360162,0.027051040286065916
z,5,5,0.09295557975769043,0.112279026684032,50,0.01587865223066087,0.031122158372095303
z,12,1,0.09187525272369385,0.06904998552694322,50,0.009765142601386901,0.019139679498718327
z,5,2,0.09141034126281739,0.07460706668702571,50,0.01055103255576657,0.020680023809302478
z,20,6,0.09083597183227539,0.0789539482773936,50,0.011165774445679389,0.0218849179135316
z,3,4,0.09065008163452148,0.06492943438089081,50,0.00918240866986697,0.01799752099293926
z,27,7,0.09029180526733399,0.0814830542903836,50,0.01152344404810437,0.022585950334284566
z,27,11,0.09006535530090332,0.0914973626485347,50,0.012939681117892721,0.025361774991069733
z,12,5,0.08870017528533936,0.09710333004360748,50,0.013732484629926052,0.02691566987465506
z,12,0,0.08776199817657471,0.09421127544934564,50,0.0133234863468932,0.026114033239910673
z,20,9,0.0872046709060669,0.0657232024050673,50,0.009294664420383817,0.018217542263952283
z,6,10,0.08675833702087403,0.09418655790246117,50,0.013319990757889939,0.02610718188546428
z,14,1,0.08605993270874024,0.07917767177719734,50,0.011197413726443792,0.021946930903829834
z,8,1,0.08543087959289551,0.06727247468675658,50,0.009513764607641188,0.018646978630976727
z,16,10,0.08380964279174805,0.08253714339309882,50,0.011672514758605325,0.022878128926866435
z,20,11,0.08320251941680908,0.08122398450209918,50,0.011486806047285074,0.022514139852678746
z,15,6,0.082376708984375,0.06499164093865756,50,0.0091912060056332,0.01801476377104107
z,1,1,0.08217442989349365,0.07101813790977002,50,0.010043481380647961,0.019685223506070004
z,14,7,0.08193353176116944,0.07615561207671226,50,0.010770029944971074,0.021109258692143303
z,3,7,0.0811499547958374,0.11646122567050131,50,0.01647010448338166,0.03228140478742805
z,14,10,0.08047220230102539,0.0887712907807992,50,0.012554156337157193,0.024606146420828097
z,9,4,0.08042178630828857,0.07304973528123254,50,0.010330792636248344,0.020248353567046753
z,15,4,0.07997608184814453,0.0789615134860828,50,0.011166844327752433,0.021887014882394768
z,14,6,0.07997531414031983,0.05008083920845985,50,0.007082500202363017,0.013881700396631513
z,17,8,0.07973909378051758,0.07068187250517782,50,0.009995926271074845,0.019592015491306698
z,2,0,0.07966351509094238,0.05225117643585583,50,0.007389432236553679,0.014483287183645211
z,3,9,0.07961119651794434,0.08896855243359117,50,0.012582053347628646,0.024660824561352147
z,8,9,0.07940111160278321,0.08225721376205683,50,0.011632926730532357,0.02280053639184342
z,26,8,0.0793304967880249,0.098155882147436,50,0.013881337975959914,0.02720742243288143
z,1,10,0.07913198471069335,0.06164031510811352,50,0.008717256961484532,0.01708582364450968
z,7,1,0.0789988374710083,0.07917628291073664,50,0.011197217311065287,0.021946545929687963
z,18,0,0.07883352756500245,0.07373406495509373,50,0.010427571466839229,0.02043804007500489
z,17,6,0.0787954044342041,0.09444134124749104,50,0.013356022564090742,0.026177804225617853
z,8,4,0.07813524246215821,0.061089343234421715,50,0.008639337771858427,0.016933102032842515
z,6,6,0.07809700012207031,0.05271199097565253,50,0.0074546012537456,0.014611018457341376
z,19,10,0.07808039665222168,0.05154886327623115,50,0.007290110157016247,0.014288615907751843
z,14,8,0.07743588447570801,0.0649039900382811,50,0.009178810296426539,0.017990468180996016
z,9,3,0.07714810371398925,0.08332286874648719,50,0.011783633103711546,0.02309592088327463
z,12,6,0.07461446285247803,0.10916157959006169,50,0.015437778634633527,0.030258046123881714
z,2,8,0.07442121982574462,0.06658576248632865,50,0.009416648836911963,0.018456631720347446
z,5,0,0.0737519359588623,0.07216023188079664,50,0.010204997858981,0.02000179580360276
z,1,7,0.07366751670837403,0.07089852857066604,50,0.010026566065693228,0.019652069488758726
z,6,11,0.07282506942749023,0.06716049926854198,50,0.00949792889213204,0.018615940628578798
z,21,11,0.07266230583190918,0.09639217877730931,50,0.013631912653356284,0.026718548800578314
z,4,2,0.07261232376098632,0.054882957165057894,50,0.00776162223659665,0.015212779583729434
z,6,5,0.07245099544525146,0.06710206155459209,50,0.009489664551369837,0.01859974252068488
z,3,2,0.0721829891204834,0.06514047921539268,50,0.009212254916589103,0.018056019636514643
z,12,8,0.07208902835845947,0.07176094930575877,50,0.01014853077569722,0.01989112032036655
z,11,4,0.06892614364624024,0.0670675375862061,50,0.009484782124937996,0.01859017296487847
z,5,4,0.0686354923248291,0.07192124114442172,50,0.010171199464914706,0.019935550951232825
z,8,0,0.0683053970336914,0.05880960523688097,50,0.008316934132380485,0.01630119089946575
z,16,2,0.0679796028137207,0.08468325270494968,50,0.011976020448120793,0.023473000078316753
z,27,5,0.06719071865081787,0.06990583023159838,50,0.009886177320247755,0.0193769075476856
z,10,6,0.06691010475158692,0.05484401267910136,50,0.007756114654574713,0.015201984722966437
z,19,5,0.06671305656433106,0.10187698908177807,50,0.014407581965318626,0.02823886065202451
z,15,8,0.06645371437072754,0.05596494958830721,50,0.007914639072531062,0.015512692582160882
z,21,3,0.0662084722518921,0.06004159343531912,50,0.008491163574271968,0.016642680605573057
z,11,3,0.0661827278137207,0.06252094917812963,50,0.008841797426014993,0.017329922954989384
z,7,5,0.06587315082550049,0.05107417964588922,50,0.0072229797542296414,0.014157040318290097
z,11,5,0.06571078300476074,0.06098816930491133,50,0.00862502961753121,0.01690505805036117
z,27,2,0.06472233772277831,0.05783926313412356,50,0.00817970703619437,0.016032225790940966
z,4,5,0.06411476612091065,0.06589483957234438,50,0.009318937581360874,0.01826511765946731
z,14,4,0.06393136978149414,0.07489158349321183,50,0.010591269308369717,0.020758887844404647
z,19,4,0.06349055767059326,0.10117374631582055,50,0.014308128419592838,0.02804393170240196
z,13,3,0.06333189010620117,0.060395341798207665,50,0.008541191147518395,0.016740734649136054
z,2,5,0.06325286865234375,0.05090836078151096,50,0.007199529425539537,0.014111077674057493
z,2,1,0.0625692367553711,0.04287500738341829,50,0.006063441692847673,0.011884345717981437
z,10,2,0.06246065616607666,0.05005764987659465,50,0.007079220735600403,0.01387527264177679
z,16,11,0.06211191177368164,0.04991720550021334,50,0.0070593589014166565,0.013836343446776646
z,11,1,0.06202199935913086,0.06170031146558156,50,0.008725741727726962,0.017102453786344847
z,18,9,0.061954832077026366,0.04697740049277432,50,0.0066436076901913955,0.013021471072775135
z,1,11,0.06161650657653808,0.07463149875323577,50,0.010554487771705676,0.020686796032543125
z,5,9,0.061413388252258304,0.051441181041476644,50,0.0072748815893346,0.014258767915095815
z,20,3,0.060221385955810544,0.05335746527627325,50,0.007545885104755711,0.014789934805321193
z,24,11,0.059709515571594235,0.13584359599964696,50,0.019211185582423223,0.037653923741549515
z,27,9,0.059595274925231936,0.05247093879660241,50,0.007420511327660373,0.014544202202214331
z,19,7,0.05954645156860352,0.0382656113456596,50,0.005411574653752959,0.010606686321355798
z,13,5,0.05891643047332764,0.05387742684201887,50,0.007619418774574732,0.014934060798166475
z,27,8,0.05843271732330322,0.05715504330844041,50,0.008082943740481803,0.015842569731344333
z,27,4,0.05843070983886719,0.05254167880902225,50,0.007430515476157032,0.014563810333267781
z,24,3,0.05826775550842285,0.036170495305118115,50,0.00511528050182504,0.010025949783577078
z,2,11,0.05824151992797852,0.06472411674024874,50,0.009153372370667923,0.01794060984650913
z,1,0,0.057201175689697265,0.05027519290956556,50,0.007109985966363128,0.01393557249407173
z,9,9,0.057099347114562986,0.06982554885255278,50,0.009874823818742525,0.019354654684735347
z,5,7,0.05701109886169434,0.06066795993686924,50,0.008579745174422806,0.0168163005418687
z,26,6,0.056496262550354004,0.06495788285696924,50,0.009186431891936866,0.018005406508196257
z,14,11,0.05636608600616455,0.058594921084684504,50,0.008286573208414204,0.01624168348849184
z,5,10,0.05625303745269775,0.0577265926463057,50,0.00816377302299925,0.016000995125078528
z,17,10,0.056246953010559084,0.05019665920561822,50,0.007098879623440556,0.013913804061943489
z,22,7,0.05621085643768311,0.07039899763944998,50,0.009955921723918166,0.019513606578879607
z,15,9,0.05594022274017334,0.04299148175474496,50,0.006079913656407579,0.011916630766558854
z,27,3,0.0559348201751709,0.04700289106772246,50,0.006647212601871831,0.013028536699668788
z,14,0,0.055840921401977536,0.06910574557894085,50,0.00977302826356427,0.01915513539658597
z,23,9,0.0550917387008667,0.052178417755382595,50,0.007379142605283117,0.01446311950635491
z,17,2,0.05505587577819824,0.03264991947248564,50,0.00461739589283786,0.009050095949962205
z,9,6,0.0550417423248291,0.050652721233985946,50,0.0071633765340206575,0.014040218006680488
z,4,10,0.05476537704467774,0.047171778110720174,50,0.0066710968365434765,0.013075349799625213
z,23,0,0.0547198486328125,0.06438089801310004,50,0.009104833912788513,0.017845474469065484
z,21,0,0.053433737754821777,0.05929130348346752,50,0.00838505655170989,0.016434710841351383
z,19,1,0.05324455261230469,0.07531199289573796,50,0.010650724176249881,0.02087541938544977
z,8,7,0.0531421422958374,0.04478665206389086,50,0.006333789076203942,0.012414226589359726
z,17,5,0.052753028869628904,0.04036905440023289,50,0.005709046423298662,0.011189730989665378
z,27,1,0.052432470321655274,0.0583195656034088,50,0.008247632062804818,0.016165358843097444
z,4,6,0.05215761184692383,0.05001321419686253,50,0.007072936581507361,0.013862955699754426
z,5,11,0.05142282009124756,0.06738358104389246,50,0.009529477419353932,0.018677775741933706
z,4,3,0.05133701324462891,0.06265407516654377,50,0.008860624283846952,0.017366823596340026
z,18,4,0.051034526824951174,0.049713181934958536,50,0.00703050561211395,0.013779790999743342
z,3,6,0.05082993984222412,0.05787872490187749,50,0.008185287772909652,0.01604316403490292
z,9,1,0.05030951023101807,0.041389859632532916,50,0.005853410083704673,0.011472683764061159
z,20,0,0.05015968322753906,0.04572540304065648,50,0.006466548512507235,0.012674435084514182
z,3,8,0.05015185832977295,0.04635636220983255,50,0.006555779613942481,0.012849328043327264
z,14,2,0.050031003952026365,0.05349383968506574,50,0.007565171358603206,0.014827735862862283
z,22,0,0.049795036315917966,0.052948055318077204,50,0.007487985793210566,0.014676452154692708
z,2,4,0.04942567825317383,0.04683012527633308,50,0.006622779829342133,0.01298064846551058
z,19,2,0.04929449081420898,0.05653527323062536,50,0.007995295015521897,0.01567077823042292
z,1,9,0.048622961044311526,0.038746375577424635,50,0.005479564983439558,0.010739947367541533
z,7,9,0.04847212314605713,0.057396901035300936,50,0.008117147588230893,0.01590960927293255
z,17,1,0.04842923641204834,0.045098418295876005,50,0.006377879479560277,0.012500643779938142
z,12,4,0.04835000514984131,0.04932807952864146,50,0.006976043907522338,0.013673046058743782
z,2,7,0.048248152732849124,0.04804689121110632,50,0.006794856518061122,0.013317918775399798
z,3,5,0.0481352424621582,0.053185607451894365,50,0.007521580738152056,0.01474229824677803
z,20,2,0.04806071758270264,0.06295822942754685,50,0.008903638191943366,0.017451130856208998
z,18,2,0.04796096324920654,0.04784794946378438,50,0.006766721906342633,0.01326277493643156
z,6,8,0.047695403099060056,0.04067110187385653,50,0.00575176238666657,0.011273454277866477
z,21,4,0.047467398643493655,0.04015737073990224,50,0.005679109832961424,0.01113105527260439
z,20,10,0.04736860752105713,0.07353673329885752,50,0.010399664556385748,0.020383342530516064
z,21,10,0.046932034492492676,0.03548971019273026,50,0.0050190029479249805,0.009837245777932963
z,3,3,0.04520196437835693,0.06050974745072755,50,0.00855737055005897,0.016772446278115583
z,0,4,0.04520030975341797,0.045796086921374754,50,0.00647654472278253,0.012694027656653757
z,3,1,0.045080533027648924,0.049625949146699384,50,0.007018169032889979,0.01375561130446436
z,26,3,0.04505117893218994,0.04338048430900236,50,0.006134926925210438,0.012024456773412458
z,21,9,0.04504290580749512,0.03536642639527107,50,0.005001567986086216,0.009803073252728984
z,23,11,0.044610514640808105,0.035252956699120756,50,0.004985520947764803,0.009771621057619013
z,22,4,0.04445475101470947,0.048857249148813335,50,0.006909458436649317,0.013542538535832661
z,23,1,0.04440901279449463,0.05152648312751913,50,0.0072869451260326006,0.014282412447023897
z,6,3,0.04438929557800293,0.04318236047792047,50,0.006106907984315906,0.011969539649259175
z,27,6,0.04421990394592285,0.04307808299694335,50,0.006092160921531111,0.011940635406200977
z,1,8,0.04406181812286377,0.04159156636415559,50,0.005881935723252948,0.011528594017575777
z,27,0,0.0439425802230835,0.05429462086979005,50,0.007678418919796238,0.015049701082800626
z,4,11,0.043849821090698245,0.04119115926267504,50,0.005825309607914518,0.011417606831512455
z,25,11,0.04341073989868164,0.05177004777165199,50,0.007321390368337327,0.014349925121941162
z,3,11,0.0432858943939209,0.04680826454482873,50,0.006619688255044448,0.012974588979887118
z,26,2,0.042760825157165526,0.04608997291701534,50,0.006518106478865173,0.012775488698575739
z,21,2,0.04275949478149414,0.04543420193725197,50,0.0064253664575259686,0.012593718256750899
z,7,11,0.04200757503509522,0.038129640711382584,50,0.005392345502245055,0.010568997184400308
z,9,7,0.041279959678649905,0.034925757117867114,50,0.004939247939223633,0.00968092596087832
z,11,0,0.040833740234375,0.044029816390999156,50,0.00622675634889482,0.012204442443833848
z,26,1,0.04077640533447266,0.15396681813067514,50,0.021774196235583253,0.042677424621743176
z,5,3,0.04007064342498779,0.0321430141830805,50,0.004545708659326319,0.008909588972279585
z,6,2,0.039306955337524416,0.03873517655176463,50,0.005477981202042183,0.010736843156002679
z,8,10,0.03923418521881104,0.03814464551758069,50,0.00539446750228767,0.010573156304483832
z,25,10,0.0391028881072998,0.026795706326678173,50,0.003789485130055482,0.007427390854908744
z,2,9,0.03854276657104492,0.03453723192150605,50,0.004884302179021884,0.009573232270882893
z,18,3,0.03813506126403809,0.034208884628176874,50,0.004837866859482422,0.009482219044585547
z,2,10,0.03768792629241943,0.03224700370120777,50,0.004560414998014342,0.008938413396108109
z,18,5,0.03759225845336914,0.04134602922871696,50,0.005847211528552592,0.01146053459596308
z,24,10,0.03734381675720215,0.041578320677726176,50,0.005880062500313805,0.011524922500615058
z,19,0,0.037339425086975096,0.06151552508936444,50,0.00869960898778816,0.017051233616064792
z,4,0,0.037173190116882325,0.04464288881471547,50,0.006313457882528475,0.012374377449755811
z,26,7,0.036800689697265625,0.041973458291749165,50,0.005935943397589311,0.01163444905927505
z,21,6,0.03638160705566406,0.029369793460202433,50,0.004153516023551491,0.008140891406160922
z,4,8,0.03581429481506348,0.04455150235376533,50,0.0063005338852791795,0.012349046415147192
z,7,6,0.03559312343597412,0.03012677130920083,50,0.0042605688575984456,0.008350714960892952
z,1,3,0.03556302547454834,0.026439332760229365,50,0.0037390862969611644,0.007328609142043882
z,2,6,0.03549386024475098,0.02726193804978569,50,0.0038554202526582047,0.0075566236952100815
z,25,4,0.03547896385192871,0.037972894511826935,50,0.005370178242118852,0.01052554935455295
z,26,11,0.033969058990478515,0.06332480044175308,50,0.008955479161929696,0.017552739157382202
z,25,9,0.03365724086761475,0.04307619341922717,50,0.006091893694887773,0.011940111641980035
z,24,8,0.03350255489349365,0.03342969822507876,50,0.004727673261594617,0.009266239592725448
z,22,8,0.03341884613037109,0.03998159934664226,50,0.005654252004138876,0.011082333928112196
z,21,7,0.03257528305053711,0.029522849218783297,50,0.0041751613765099276,0.008183316297959459
z,21,8,0.03220434188842773,0.02410619244730413,50,0.003409130429615337,0.006681895642046061
z,9,8,0.03219261169433594,0.027365781689701548,50,0.0038701059610517243,0.00758540768366138
z,4,4,0.03182600498199463,0.03771795076172731,50,0.005334123751215537,0.010454882552382453
z,18,6,0.03175673484802246,0.027415343145054,50,0.0038771150092847626,0.007599145418198135
z,1,5,0.031247591972351073,0.03102986502073766,50,0.004388285595093369,0.008601039766383003
z,1,6,0.03098391056060791,0.02867984678013997,50,0.0040559428283256285,0.007949647943518231
z,26,9,0.030523099899291993,0.03461170353452857,50,0.004894834055536709,0.00959387474885195
z,23,2,0.030468087196350097,0.04986237837097726,50,0.0070516051744414915,0.013821146141905324
z,2,2,0.02953829288482666,0.02280019589411289,50,0.0032244346258217802,0.006319891866610689
z,20,1,0.02951939105987549,0.021836712884631168,50,0.0030881775519092706,0.00605282800174217
z,0,0,0.029380221366882325,0.03204518690731761,50,0.0045318737933109305,0.008882472634889423
z,24,4,0.029348912239074706,0.03809439027142607,50,0.005387360337218443,0.010559226260948148
z,24,5,0.028949875831604004,0.027288286918528425,50,0.003859146545411121,0.007563927229005798
z,22,3,0.028783588409423827,0.029907463789070932,50,0.004229554090668635,0.008289926017710524
z,1,2,0.02855638027191162,0.030745254229159937,50,0.004348035550948674,0.008522149679859401
z,4,1,0.02818699359893799,0.025519578472401033,50,0.003609013398171401,0.007073666260415946
z,23,7,0.02787659168243408,0.02072426770148854,50,0.002930854045369578,0.005744473928924373
z,24,9,0.027103643417358398,0.034332474599137866,50,0.004855345120793056,0.009516476436754389
z,20,5,0.02700380802154541,0.022958320388498505,50,0.003246796806272133,0.0063637217402933806
z,6,1,0.026991124153137206,0.020777324547995454,50,0.0029383574165602606,0.005759180536458111
z,22,1,0.026684498786926268,0.032308532731081974,50,0.0045691165168671175,0.00895546837305955
z,14,5,0.026324915885925292,0.04676128385434132,50,0.006613044182078753,0.012961566596874356
z,26,0,0.025664896965026857,0.025735758177832135,50,0.0036395858253044496,0.007133588217596721
z,26,4,0.02520052433013916,0.026241989062523518,50,0.003711177683586718,0.007273908259829967
z,21,5,0.022979469299316407,0.02737726740960477,50,0.0038717302871377995,0.007588591362790087
z,24,2,0.022746806144714356,0.02068128859626293,50,0.0029247758820187065,0.005732560728756665
z,23,6,0.02143411636352539,0.021607047436637557,50,0.003055697952773165,0.0059891679874354035
z,23,3,0.01997743606567383,0.025218627871238405,50,0.0035664525559945485,0.006990247009749315
z,23,10,0.01984001636505127,0.0181766268566407,50,0.0025705632218856315,0.005038303914895838
z,24,1,0.0192262601852417,0.020630432285630232,50,0.0029175837135958045,0.005718464078647777
z,25,0,0.019038825035095214,0.021322606148682397,50,0.0030154718800606594,0.005910324884918892
z,24,0,0.01891515254974365,0.01694335943387728,50,0.0023961528703551373,0.004696459625896069
z,26,5,0.018281159400939943,0.01940255477613039,50,0.002743935610909047,0.005378113797381732
z,23,4,0.01777919292449951,0.023928712382444445,50,0.003384030958137795,0.006632700677950078
z,22,2,0.017424306869506835,0.019493318807351518,50,0.002756771583301904,0.005403272303271732
z,22,9,0.016992568969726562,0.016590811815889436,50,0.0023462951080810636,0.004598738411838885
z,21,1,0.016403765678405763,0.018811585201266114,50,0.0026603598921367544,0.005214305388588038
z,24,6,0.01548210620880127,0.015766618266906573,50,0.0022297365385818657,0.0043702836156204565
z,17,11,0.015134196281433105,0.01142403435219292,50,0.0016156024317887363,0.0031665807663059232
z,25,1,0.013831682205200195,0.01649851394497609,50,0.002333242217998682,0.004573154747277417
z,23,5,0.013679351806640625,0.017927890837372864,50,0.0025353866366957046,0.004969357807923581
z,25,7,0.012991948127746582,0.018337181220859207,50,0.002593269037823232,0.005082807314133534
z,22,11,0.012940316200256348,0.013590571350764757,50,0.0019219970324650753,0.0037671141836315473
z,22,6,0.012402219772338867,0.010797193480275195,50,0.0015269537455371539,0.0029928293412528214
z,24,7,0.011572813987731934,0.013375941635559241,50,0.0018916438070518838,0.003707621861821692
z,26,10,0.010788345336914062,0.0094087492777796,50,0.0013305980833603975,0.002607972243386379
z,6,7,0.009647789001464844,0.00816054999330807,50,0.0011540760476959943,0.002261989053484149
z,25,2,0.009129934310913086,0.013693990829829954,50,0.0019366227554558316,0.00379578060069343
z,25,6,0.007088427543640137,0.008322664572061923,50,0.0011770025112892042,0.0023069249221268403
z,22,10,0.006844453811645508,0.007667586013002399,50,0.0010843604130250238,0.0021253464095290467
z,25,5,0.006220517158508301,0.009719923410785569,50,0.0013746047512760704,0.002694225312501098
z,6,9,0.0012590742111206054,0.0011344113246949958,50,0.00016042998806932917,0.00031444277661588516
