component,layer,head,abs_delta,std,n,sem,ci95
pattern,9,22,0.876220703125,0.5911993439040054,8,0.20902053255378,0.4096802438054088
pattern,6,6,0.712158203125,0.45711344258157244,8,0.1616140075104787,0.31676345472053824
pattern,8,28,0.553466796875,0.36936412224486953,8,0.13058993778318206,0.25595627805503685
pattern,0,0,0.39111328125,0.29862243811104894,8,0.10557897550139139,0.20693479198272713
pattern,7,8,0.363037109375,0.48390948871799366,8,0.17108784047650422,0.3353321673339483
pattern,2,27,0.34765625,0.12075575670015769,8,0.04269360721499718,0.08367947014139447
pattern,6,25,0.33349609375,0.25694598275619723,8,0.09084412340277438,0.1780544818694378
pattern,3,1,0.329345703125,0.3160632122409694,8,0.11174522032959623,0.21902063184600862
pattern,14,24,0.324951171875,0.2874895698124398,8,0.10164291216738976,0.19922010784808392
pattern,9,13,0.29931640625,0.3951961197397289,8,0.13972292808328654,0.2738569390432416
pattern,8,27,0.287841796875,0.18010837713381495,8,0.06367792740991232,0.12480873772342815
pattern,8,31,0.286865234375,0.15445903513999093,8,0.05460951558150941,0.10703465053975844
pattern,9,4,0.283447265625,0.22576598918665874,8,0.07982033095758757,0.15644784867687164
pattern,13,26,0.273193359375,0.326096577433313,8,0.11529255061240984,0.22597339920032328
pattern,5,17,0.270263671875,0.1680334226487628,8,0.05940878631046269,0.11644122116850687
pattern,9,0,0.26416015625,0.22457843828094606,8,0.07940046830837075,0.15562491788440666
pattern,4,15,0.26220703125,0.3357650973469409,8,0.11871088860989157,0.23267334167538747
pattern,3,28,0.25634765625,0.19497669234382392,8,0.06893467066482055,0.13511195450304828
pattern,2,12,0.25634765625,0.23492251431839703,8,0.08305765146396617,0.16279299686937368
pattern,4,7,0.254150390625,0.249848319769907,8,0.0883347205886831,0.17313605235381885
pattern,8,13,0.25244140625,0.07923149189140748,8,0.02801256259997059,0.05490462269594235
pattern,4,3,0.249755859375,0.18688409556249502,8,0.0660735056340775,0.1295040710427919
pattern,8,14,0.2470703125,0.12024925140610097,8,0.04251453055092999,0.08332847987982278
pattern,13,27,0.242919921875,0.24003566272619986,8,0.08486542242015145,0.16633622794349684
pattern,4,11,0.239501953125,0.31183127650733844,8,0.11024900510219818,0.21608805000030842
pattern,10,16,0.2373046875,0.23935146445166414,8,0.08462352180035128,0.1658621027286885
pattern,8,11,0.230224609375,0.17764524323892586,8,0.06280707806988907,0.12310187301698257
pattern,3,29,0.227783203125,0.09824009345698537,8,0.034733118133917266,0.06807691154247784
pattern,0,2,0.21240234375,0.18494748699490626,8,0.06538881110875451,0.12816206977315883
pattern,4,4,0.21240234375,0.14259436826505315,8,0.05041472237961545,0.09881285586404628
pattern,3,15,0.211669921875,0.20337686538745162,8,0.07190458032596533,0.14093297743889205
pattern,0,3,0.20947265625,0.26087983132927645,8,0.09223494890386705,0.1807804998515794
pattern,5,31,0.20849609375,0.23468113841809524,8,0.08297231219600697,0.16262573190417365
pattern,3,30,0.2080078125,0.09890386090829298,8,0.034967795366892526,0.06853687891910935
pattern,12,5,0.204345703125,0.12128682719141612,8,0.04288136898782564,0.08404748321613825
pattern,8,25,0.203857421875,0.1658791373684808,8,0.058647131445313805,0.11494837763281505
pattern,0,9,0.2021484375,0.0958140983785929,8,0.03387539934838901,0.06639578272284247
pattern,15,11,0.19873046875,0.14511731893500104,8,0.0513067201432751,0.1005611714808192
pattern,8,12,0.197021484375,0.15856762428580687,8,0.056062121204567356,0.10988175756095202
pattern,5,3,0.1953125,0.1853955562487562,8,0.06554722751267375,0.12847256592484055
pattern,12,6,0.19482421875,0.14698296842530756,8,0.051966326846231585,0.10185400061861391
pattern,6,4,0.194580078125,0.1406867482084841,8,0.04974027684065173,0.09749094260767739
pattern,11,27,0.192626953125,0.12982012324727327,8,0.04589834474131014,0.08996075569296787
pattern,8,29,0.1923828125,0.10637937730994987,8,0.03761078953713395,0.07371714749278253
pattern,9,21,0.191650390625,0.2328223251069042,8,0.08231512244735546,0.16133763999681672
pattern,6,16,0.18994140625,0.20366287280950646,8,0.07200569921976767,0.14113117047074464
pattern,13,10,0.18701171875,0.15280004782151677,8,0.054022974990111626,0.10588503098061879
pattern,4,5,0.18505859375,0.161760226683825,8,0.05719087660720288,0.11209411815011765
pattern,8,1,0.182861328125,0.14050845205991008,8,0.04967723963279367,0.09736738968027558
pattern,8,0,0.18212890625,0.16193531560173832,8,0.057252779887786445,0.11221544858006142
pattern,9,19,0.181640625,0.15812215465395957,8,0.055904623905821405,0.10957306285540995
pattern,3,21,0.18115234375,0.22215087441594,8,0.07854219487301614,0.15394270195111162
pattern,7,14,0.17919921875,0.08815220251618357,8,0.031166510087861615,0.06108635977220876
pattern,9,20,0.177490234375,0.20885378904708288,8,0.07384096525584849,0.14472829190146302
pattern,9,9,0.1767578125,0.12958509699529977,8,0.04581525041304648,0.0897978908095711
pattern,9,15,0.17626953125,0.1402903616975876,8,0.04960013304573884,0.09721626076964812
pattern,10,6,0.174560546875,0.17521902119250762,8,0.061949279039045756,0.12142058691652968
pattern,7,3,0.173095703125,0.1871769256116,8,0.06617703669080616,0.12970699191398005
pattern,8,10,0.170166015625,0.15495922448828556,8,0.054786359221537614,0.10738126407421372
pattern,6,21,0.16845703125,0.1774098354194139,8,0.06272384883712845,0.12293874372077175
pattern,12,2,0.168212890625,0.21432170111610505,8,0.07577416410731716,0.14851736165034163
pattern,5,27,0.16796875,0.10374963021663877,8,0.036681033535891,0.07189482573034636
pattern,0,16,0.166015625,0.13121079878012273,8,0.04639002279116418,0.0909244446706818
pattern,10,23,0.165771484375,0.3000401015954281,8,0.10608019523301393,0.2079171826567073
pattern,10,14,0.1650390625,0.16441753145947569,8,0.05813037572047388,0.11393553641212881
pattern,3,22,0.164306640625,0.1285694561156092,8,0.04545616713640674,0.0890940875873572
pattern,6,19,0.162109375,0.13873670202523658,8,0.0490508314007511,0.09613962954547216
pattern,5,16,0.16015625,0.23892532245415393,8,0.08447285785225736,0.16556680139042443
pattern,14,18,0.158203125,0.16911336540067687,8,0.05979060373204853,0.11718958331481512
pattern,6,29,0.1572265625,0.07256288403906618,8,0.02565485368323839,0.050283513219147244
pattern,2,31,0.15673828125,0.1558370309910231,8,0.0550967106868653,0.10798955294625599
pattern,0,23,0.1552734375,0.10019577480922305,8,0.03542455590692094,0.06943212957756503
pattern,1,28,0.15478515625,0.138798554122637,8,0.049072699419502326,0.09618249086222455
pattern,4,10,0.15478515625,0.14690137817602916,8,0.05193748033695986,0.10179746146044132
pattern,12,15,0.154052734375,0.12220221668129994,8,0.043205008045687505,0.0846818157695475
pattern,3,17,0.15283203125,0.15969196504232527,8,0.05645963569121664,0.11066088595478461
pattern,0,26,0.150146484375,0.1267122435734669,8,0.044799543345079976,0.08780710495635675
pattern,6,30,0.150146484375,0.11520570116543628,8,0.040731366262715465,0.07983347787492232
pattern,6,24,0.149169921875,0.12120142777036752,8,0.042851175732959206,0.08398830443660005
pattern,5,18,0.14892578125,0.12732282194102387,8,0.045015415397152654,0.0882302141784192
pattern,6,13,0.148681640625,0.2095441058059291,8,0.07408502908652194,0.145206657009583
pattern,4,24,0.148681640625,0.12350192880530822,8,0.04366452567392582,0.08558247032089461
pattern,8,15,0.1484375,0.18293360610087867,8,0.06467679669042004,0.12676652151322326
pattern,8,3,0.147216796875,0.1415633126448756,8,0.05005018916921143,0.0980983707716544
pattern,12,4,0.14697265625,0.09365549319475315,8,0.03311221716669025,0.06489994564671289
pattern,0,1,0.14697265625,0.2135251489646451,8,0.07549254039338413,0.1479653791710329
pattern,9,28,0.146240234375,0.12715873417066514,8,0.04495740160958744,0.08811650715479137
pattern,7,9,0.14599609375,0.10041716618650147,8,0.035502829579005836,0.06958554597485143
pattern,1,16,0.1455078125,0.13406626571259653,8,0.04739958280686726,0.09290318230145983
pattern,12,23,0.14404296875,0.17139794666493016,8,0.06059832518411115,0.11877271736085786
pattern,6,28,0.143798828125,0.17516614072955008,8,0.06193058297207098,0.12138394262525912
pattern,0,21,0.143798828125,0.13869717096682474,8,0.049036855061015856,0.09611223591959107
pattern,3,9,0.143798828125,0.08204412034983007,8,0.02900697692792503,0.05685367477873306
pattern,7,13,0.1435546875,0.17278258245778494,8,0.06108786786341176,0.11973222101228705
pattern,6,18,0.141357421875,0.08492926146476616,8,0.030027028351450744,0.05885297556884346
pattern,7,21,0.140625,0.07868105683935074,8,0.027817954421014545,0.05452319066518851
pattern,1,4,0.1396484375,0.08312016424911049,8,0.02938741589694283,0.05759933515800794
pattern,5,30,0.13916015625,0.07565681229783815,8,0.026748722509379565,0.052427496118383946
pattern,10,13,0.138671875,0.06592856024367263,8,0.02330926601108337,0.045686161381723406
pattern,9,6,0.138427734375,0.15012927161608147,8,0.05307871300716414,0.1040342774940417
pattern,3,31,0.13818359375,0.13007515045129664,8,0.045988510473986124,0.0901374805290128
pattern,7,22,0.1376953125,0.0988156621517841,8,0.0349366123974827,0.06847576029906609
pattern,10,8,0.13671875,0.13455721138668383,8,0.04757315831453793,0.09324339029649434
pattern,2,26,0.136474609375,0.08464967935855645,8,0.02992818114985109,0.05865923505370814
pattern,8,24,0.13525390625,0.12884599342480108,8,0.04555393783969707,0.08928571816580626
pattern,7,23,0.135009765625,0.0954975556179889,8,0.03376348458210971,0.06617642978093503
pattern,2,4,0.134521484375,0.09972932149270249,8,0.035259639755311614,0.06910889392041077
pattern,4,26,0.13427734375,0.0963175543274635,8,0.03405339790612657,0.06674465989600807
pattern,2,16,0.13427734375,0.1703838713802882,8,0.06023979542890915,0.11806999904066193
pattern,15,14,0.1337890625,0.10840912008977101,8,0.03832841197897193,0.07512368747878498
pattern,5,19,0.133056640625,0.11153810818331805,8,0.03943467632857147,0.07729196560400008
pattern,7,1,0.1328125,0.19720069431745343,8,0.06972097410328339,0.13665310924243543
pattern,5,29,0.13134765625,0.14563462609729488,8,0.05148961584448228,0.10091964705518526
pattern,10,11,0.1298828125,0.17386417413117908,8,0.06147026826677772,0.12048172580288433
pattern,5,24,0.1298828125,0.07562259026193235,8,0.02673662319255207,0.05240378145740206
pattern,6,31,0.129638671875,0.0972756954545425,8,0.034392151950272204,0.06740861782253352
pattern,13,16,0.129150390625,0.1217330721039054,8,0.04303914038967122,0.08435671516375559
pattern,10,26,0.12890625,0.19404724103226034,8,0.06860606000222587,0.1344678776043627
pattern,7,17,0.128662109375,0.10943695182255295,8,0.038691805373056345,0.07583593853119043
pattern,4,8,0.12841796875,0.1464480981866002,8,0.051777221659809164,0.10148335445322595
pattern,7,16,0.125732421875,0.2248674698717492,8,0.07950265640728775,0.155825206558284
pattern,1,17,0.12451171875,0.044166420441495546,8,0.015615187697458824,0.030605767887019294
pattern,8,7,0.12451171875,0.10884432605859926,8,0.03848228052485759,0.07542526982872087
pattern,1,24,0.124267578125,0.18254574047590658,8,0.06453966548361657,0.1264977443478885
pattern,8,5,0.124267578125,0.17087631393790123,8,0.06041390016482566,0.11841124432305829
pattern,12,17,0.12353515625,0.11321267744437406,8,0.040026725968601094,0.07845238289845814
pattern,3,24,0.121826171875,0.10694617429461507,8,0.037811182532840375,0.07410991776436714
pattern,11,5,0.12109375,0.16765049792089792,8,0.05927340197458405,0.11617586787018473
pattern,10,10,0.119140625,0.12309779629451928,8,0.043521643254487416,0.08530242077879534
pattern,9,3,0.11767578125,0.15417762825387463,8,0.05451002322278669,0.1068396455166619
pattern,7,15,0.11767578125,0.10934385517987327,8,0.03865889073938409,0.07577142584919282
pattern,3,23,0.117431640625,0.08752364792747845,8,0.03094428248185196,0.060650793664429846
pattern,4,17,0.11474609375,0.09618166845879074,8,0.0340053549965236,0.06665049579318626
pattern,5,2,0.114501953125,0.10030415465032239,8,0.035462873967213565,0.06950723297573859
pattern,3,8,0.1142578125,0.06687237926690634,8,0.023642956426854076,0.046340194596633986
pattern,10,17,0.114013671875,0.11886787014278069,8,0.04202613852158108,0.08237123150229891
pattern,7,2,0.113525390625,0.08100466735956147,8,0.028639474798853246,0.05613337060575236
pattern,9,7,0.113525390625,0.14060344228051963,8,0.049710823747363374,0.09743321454483221
pattern,5,6,0.113525390625,0.08315580622830633,8,0.029400017239534972,0.05762403378948854
pattern,5,28,0.11279296875,0.10694521886214502,8,0.037810844736451105,0.07410925568344416
pattern,4,25,0.112060546875,0.06356289201613688,8,0.022472875988219322,0.04404683693690987
pattern,6,22,0.11181640625,0.14450768238110942,8,0.05109118107261712,0.10013871490232955
pattern,7,24,0.111572265625,0.10494785752824975,8,0.03710467086461253,0.07272515489464056
pattern,14,19,0.111328125,0.09156208099611587,8,0.03237208418595272,0.06344928500446734
pattern,9,16,0.11083984375,0.11173977192014821,8,0.03950597522648748,0.07743171144391546
pattern,9,1,0.11083984375,0.09330571576963867,8,0.03298855217208804,0.06465756225729256
pattern,8,2,0.10986328125,0.11329928851146524,8,0.040057347605034085,0.0785124013058668
pattern,9,8,0.10986328125,0.115131470775451,8,0.04070512185665111,0.07978203883903617
pattern,3,10,0.10888671875,0.04656882428736861,8,0.016464565722741565,0.032270548816573465
pattern,8,4,0.107666015625,0.07087939178092667,8,0.025059649287335645,0.04911691260317786
pattern,4,21,0.10693359375,0.10705726474448295,8,0.037850458938053694,0.07418689951858524
pattern,7,26,0.106689453125,0.08296225443596586,8,0.029331586347097593,0.057489909240311284
pattern,9,27,0.1064453125,0.11910173911661692,8,0.042108823690235456,0.08253329443286149
pattern,2,6,0.1064453125,0.07845216096265176,8,0.027737027507714798,0.054364573915121006
pattern,6,14,0.10595703125,0.09461647344566128,8,0.033451974992691993,0.0655658709856763
pattern,0,28,0.10400390625,0.06169040021926563,8,0.021810850164577403,0.04274926632257171
pattern,4,14,0.103759765625,0.07621434184225685,8,0.026945838970164723,0.052813844381522854
pattern,9,2,0.103515625,0.10218302879034198,8,0.036127156289915516,0.07080922632823441
pattern,3,2,0.103271484375,0.095406207937112,8,0.03373118829981286,0.0661131290676332
pattern,4,22,0.10107421875,0.09102334855717727,8,0.0321816135055434,0.06307596247086505
pattern,6,23,0.10107421875,0.10914431787967034,8,0.038588343650347516,0.07563315355468113
pattern,2,14,0.10009765625,0.07277848001518246,8,0.02573107837159257,0.05043291360832144
pattern,9,12,0.099853515625,0.08222657906875469,8,0.029071485826644133,0.0569801122202225
pattern,8,19,0.099609375,0.05748580473069603,8,0.020324301173520437,0.03983563030010005
pattern,2,5,0.099365234375,0.0677502959732082,8,0.02395334685502558,0.04694855983585013
pattern,4,2,0.099365234375,0.04916111345927312,8,0.017381078348866635,0.034066913563778604
pattern,10,24,0.09912109375,0.060943849114067035,8,0.02154690449008328,0.042231932800563234
pattern,1,6,0.0986328125,0.18932507869090393,8,0.06693652349550744,0.13119558605119458
pattern,10,12,0.0986328125,0.0965845209374143,8,0.03414778485624986,0.06692965831824974
pattern,12,13,0.09814453125,0.05825562783564923,8,0.02059647474243368,0.04036909049517001
pattern,7,25,0.097900390625,0.06211900387934254,8,0.02196238444181828,0.04304627350596383
pattern,5,1,0.09716796875,0.10093140763831426,8,0.03568464138787786,0.0699418971202406
pattern,8,30,0.096923828125,0.13458125611537988,8,0.04758165940989431,0.09326005244339285
pattern,4,6,0.0966796875,0.08429202889717792,8,0.029801732616583462,0.058411395928503584
pattern,10,25,0.095703125,0.07685916467277294,8,0.02717381826822564,0.05326068380572225
pattern,0,19,0.095703125,0.08649373558034626,8,0.0305801534795095,0.05993710081983862
pattern,9,14,0.095458984375,0.1359810995704727,8,0.04807657880974218,0.09423009446709467
pattern,4,9,0.095458984375,0.0527337291213754,8,0.01864418872948953,0.036542609909799476
pattern,14,27,0.09521484375,0.07969782572719121,8,0.028177436508760294,0.05522777555717018
pattern,1,18,0.09423828125,0.08533773818454671,8,0.030171446680707575,0.05913603549418685
pattern,1,22,0.0927734375,0.028761855814401008,8,0.010168851642936341,0.019930949220155227
pattern,1,11,0.0927734375,0.06745657033335146,8,0.02384949915915005,0.0467450183519341
pattern,5,26,0.09228515625,0.10746371952862721,8,0.037994162405110755,0.07446855831401708
pattern,3,14,0.091796875,0.0843501947664785,8,0.029822297356891486,0.05845170281950731
pattern,15,1,0.09130859375,0.11375051932463379,8,0.04021688178896998,0.07882508830638116
pattern,11,7,0.090576171875,0.1511007609905517,8,0.053422186369433425,0.1047074852840895
pattern,7,10,0.09033203125,0.09294289622132404,8,0.03286027609060788,0.06440614113759145
pattern,12,3,0.090087890625,0.09294692718719716,8,0.03286170125225969,0.064408934454429
pattern,3,27,0.08984375,0.12228496751951975,8,0.04323426488511456,0.08473915917482454
pattern,1,29,0.08935546875,0.08685682932001185,8,0.03070852650227146,0.060188711944452064
pattern,10,9,0.089111328125,0.07246471655167708,8,0.025620146235225953,0.05021548662104287
pattern,2,30,0.0888671875,0.07682370484866052,8,0.02716128132718085,0.05323611140127447
pattern,2,20,0.08837890625,0.0767154511537997,8,0.027123007866318556,0.05316109541798437
pattern,10,0,0.088134765625,0.0865531764485928,8,0.030601169000017872,0.05997829124003503
pattern,6,1,0.088134765625,0.13359569780782943,8,0.04723321192863248,0.09257709538011966
pattern,5,4,0.087646484375,0.04922757923747937,8,0.017404577550109875,0.034112971998215356
pattern,0,24,0.08740234375,0.07873471619950594,8,0.02783692586973448,0.05456037470467958
pattern,6,15,0.08740234375,0.07845737055776321,8,0.027738869377730072,0.05436818398035094
pattern,13,20,0.08740234375,0.17251981191021104,8,0.06099496444536896,0.11955013031292316
pattern,4,27,0.08740234375,0.0382127153916864,8,0.013510235090506506,0.02648006077739275
pattern,0,6,0.0869140625,0.06136490167778408,8,0.021695769051603433,0.042523707341142726
pattern,2,7,0.08642578125,0.03772472078696197,8,0.013337702943414959,0.026141897769093318
pattern,3,11,0.085693359375,0.07023834677982932,8,0.024833005653674807,0.04867269108120262
pattern,14,20,0.08544921875,0.15188428739377538,8,0.05369920478591251,0.10525044138038851
pattern,9,23,0.08544921875,0.11810351625484235,8,0.04175589861288733,0.08184156128125916
pattern,11,18,0.08544921875,0.05814326454949101,8,0.02055674832163424,0.04029122671040311
pattern,1,19,0.0849609375,0.10401716857719674,8,0.03677562263038004,0.07208022035554487
pattern,0,7,0.0849609375,0.04185081841104314,8,0.014796498748327707,0.029001137546722306
pattern,2,10,0.08447265625,0.0813491384141899,8,0.028761263708178372,0.05637207686802961
pattern,11,24,0.08447265625,0.08029729643041912,8,0.028389381408447857,0.0556431875605578
pattern,10,21,0.083984375,0.12987494521688656,8,0.04591772723454592,0.08999874537971
pattern,11,8,0.083984375,0.0747017880833996,8,0.02641107046026614,0.05176569810212163
pattern,7,5,0.083740234375,0.04167384131286448,8,0.014733927895209283,0.028878498674610193
pattern,6,5,0.0830078125,0.04944366481677297,8,0.01748097533932744,0.03426271166508178
pattern,1,30,0.0830078125,0.0808333561054061,8,0.028578907124099828,0.05601465796323566
pattern,4,31,0.082763671875,0.08912475245935714,8,0.03151035841779193,0.061760302498872176
pattern,10,31,0.08203125,0.08528184340931062,8,0.030151684893406406,0.05909730239107656
pattern,8,21,0.081787109375,0.0960608378370335,8,0.03396263492051383,0.0665667644442071
pattern,6,2,0.08154296875,0.052922634364675175,8,0.018710976818759013,0.03667351456476767
pattern,6,12,0.081298828125,0.055222367441979905,8,0.019524055245699605,0.038267148281571225
pattern,6,3,0.080810546875,0.026471612413612185,8,0.009359128323303583,0.018343891513675024
pattern,8,23,0.08056640625,0.046216425547351496,8,0.01633997395336772,0.03202634894860073
pattern,9,5,0.08056640625,0.05097137742171327,8,0.018021103310656164,0.03532136248888608
pattern,6,26,0.07861328125,0.05712204963050569,8,0.020195694324502547,0.03958356087602499
pattern,14,15,0.078125,0.10237484192382702,8,0.03619497247361947,0.07094214604829416
pattern,12,30,0.078125,0.14721358674649515,8,0.052047862735620384,0.10201381096181596
pattern,7,31,0.077880859375,0.061519562129929074,8,0.021750449778849986,0.04263088156654597
pattern,0,12,0.07763671875,0.09345744671453779,8,0.033042197162115046,0.06476270643774548
pattern,12,20,0.07763671875,0.06457349757992238,8,0.022830179011848115,0.044747150863222306
pattern,1,3,0.0771484375,0.061187032023418346,8,0.021632882632218776,0.0424004499591488
pattern,10,3,0.076904296875,0.1484703085071091,8,0.0524921809751178,0.10288467471123089
pattern,6,0,0.076904296875,0.10569037509470973,8,0.03736719046780952,0.07323969331690666
pattern,1,7,0.076171875,0.0703125,8,0.02485922277608956,0.04872407664113554
pattern,8,22,0.07568359375,0.07405519749543694,8,0.026182466165566246,0.05131763368450984
pattern,13,21,0.075439453125,0.10280478166503809,8,0.03634697912687544,0.07124007908867587
pattern,1,5,0.0751953125,0.052976667260177246,8,0.018730080332167342,0.036710957451047986
pattern,7,4,0.0751953125,0.07301210139651387,8,0.025813676003077376,0.05059480496603166
pattern,3,19,0.0751953125,0.04891175873242658,8,0.017292918139729583,0.033894119553869985
pattern,11,21,0.074951171875,0.06841067510685458,8,0.024186826136803306,0.047406179228134476
pattern,8,9,0.07470703125,0.07167691247304481,8,0.025341615432102303,0.04966956624692051
pattern,14,11,0.07421875,0.10605615194825535,8,0.03749651211458111,0.07349316374457898
pattern,2,13,0.07421875,0.04883370503830174,8,0.017265321991523416,0.0338400311033859
pattern,5,0,0.0732421875,0.04462367054217134,8,0.015776850020901866,0.030922626040967655
pattern,13,22,0.07275390625,0.07390787512842514,8,0.026130379843198995,0.05121554449267003
pattern,1,8,0.072265625,0.03793001220528221,8,0.01341028442042178,0.026284157464026688
pattern,11,9,0.072021484375,0.04869331277873815,8,0.01721568583214166,0.03374274423099765
pattern,5,25,0.072021484375,0.07725123477395146,8,0.02731243598184755,0.0535323745244212
pattern,7,7,0.0703125,0.048565140004541464,8,0.017170369913242674,0.03365392502995564
pattern,3,26,0.070068359375,0.073469235134615,8,0.025975297186137607,0.05091158248482971
pattern,3,0,0.070068359375,0.07862866038843364,8,0.02779942947813775,0.054486881777149984
pattern,4,18,0.070068359375,0.058839120721988825,8,0.020802770630786102,0.04077343043634076
pattern,3,16,0.06982421875,0.06331215831926382,8,0.022384228239553865,0.04387308734952557
pattern,12,24,0.069580078125,0.11604698678365882,8,0.0410288056454954,0.08041645906517099
pattern,8,8,0.0693359375,0.056288351880985805,8,0.019900937658429808,0.03900583781052242
pattern,3,12,0.0693359375,0.07451918749721803,8,0.02634651140389733,0.05163916235163876
pattern,4,23,0.0693359375,0.08542230921947962,8,0.030201347056854084,0.059194640231434004
pattern,3,13,0.06884765625,0.04191262448022449,8,0.014818350493646016,0.02904396696754619
pattern,3,18,0.06884765625,0.05949593754302796,8,0.021034990444863184,0.04122858127193184
pattern,2,25,0.06884765625,0.05872149393321737,8,0.020761183280791354,0.04069191923035105
pattern,9,24,0.068603515625,0.0618111937298215,8,0.021853557119796096,0.04283297195480035
pattern,2,0,0.068603515625,0.05030075626687744,8,0.01778400292756038,0.03485664573801834
pattern,11,14,0.068359375,0.07923321138079843,8,0.02801317053127485,0.05490581424129871
pattern,11,10,0.068359375,0.06997064714616816,8,0.024738359540533324,0.04848718469944532
pattern,1,1,0.068115234375,0.05438209424773756,8,0.01922697380885058,0.03768486866534714
pattern,0,22,0.06787109375,0.03717173449389466,8,0.013142192764549405,0.025758697818516835
pattern,12,0,0.067626953125,0.06533852674641952,8,0.023100657667565923,0.04527728902842921
pattern,5,21,0.067626953125,0.06461726174954066,8,0.022845651982403157,0.04477747788551019
pattern,13,17,0.06689453125,0.04912022007796598,8,0.017366620355252674,0.03403857589629524
pattern,9,11,0.06689453125,0.05881422434066037,8,0.020793968430753925,0.04075617812427769
pattern,2,9,0.0654296875,0.056133233840624665,8,0.019846095149317945,0.03889834649266317
pattern,14,14,0.06494140625,0.04783874873989582,8,0.016913551818729868,0.03315056156471054
pattern,1,23,0.064208984375,0.053492988198239146,8,0.018912627350453428,0.03706874960688872
pattern,10,7,0.064208984375,0.08600999820926233,8,0.0304091264918061,0.05960188792393996
pattern,15,3,0.06396484375,0.10412582323340641,8,0.036814037852486714,0.07215551419087396
pattern,10,15,0.063720703125,0.05411588922767052,8,0.019132856121412932,0.037500397997969344
pattern,5,15,0.063232421875,0.01952950606053494,8,0.0069047230843140165,0.013533257245255472
pattern,0,20,0.062744140625,0.0392078420529981,8,0.01386206549568302,0.02716964837153872
pattern,10,4,0.0625,0.06482828451543575,8,0.022920259796777736,0.04492370920168436
pattern,2,2,0.0625,0.0849938039364593,8,0.030049847561155123,0.05889770121986404
pattern,0,17,0.062255859375,0.08024765305934624,8,0.02837182982628456,0.05560878645951774
pattern,7,28,0.06201171875,0.05510196498366809,8,0.019481486548327695,0.03818371363472228
pattern,2,19,0.06201171875,0.03947535728790574,8,0.013956646414019972,0.027355026971479145
pattern,5,12,0.0615234375,0.06657836151976293,8,0.02353900545545693,0.046136450692695584
pattern,12,9,0.061279296875,0.06321902167288344,8,0.022351299462437597,0.04380854694637769
pattern,13,9,0.06103515625,0.043794694764103866,8,0.015483762823846415,0.03034817513473897
pattern,8,26,0.06103515625,0.095818364018757,8,0.03387690747993208,0.06639873866066687
pattern,12,27,0.060791015625,0.0432397791080673,8,0.015287570512161395,0.029963638203836334
pattern,4,30,0.060302734375,0.04835639879306663,8,0.017096568750169197,0.03350927475033163
pattern,9,26,0.06005859375,0.03404989706847708,8,0.012038456557912044,0.023595374853507607
pattern,1,14,0.0595703125,0.058603049857212756,8,0.020719306976124237,0.0406098416732035
pattern,7,0,0.05908203125,0.045094413411799046,8,0.01594328275855635,0.031248834206770444
pattern,11,28,0.05859375,0.06073110651969996,8,0.02147168862452119,0.04208450970406153
pattern,7,27,0.05810546875,0.05498315726663768,8,0.01943948167714295,0.03810138408720018
pattern,7,20,0.057861328125,0.06413474445457926,8,0.022675056356749657,0.04444311045922933
pattern,4,13,0.057861328125,0.05520262710132657,8,0.01951707598133015,0.03825346892340709
pattern,0,27,0.057373046875,0.05170579954760263,8,0.018280760743391068,0.03583029105704649
pattern,8,20,0.056640625,0.06661927491483656,8,0.023553470525005893,0.04616480222901155
pattern,2,3,0.05615234375,0.06101534276617549,8,0.021572181313192124,0.04228147537385656
pattern,9,29,0.05615234375,0.062462931948524696,8,0.022083981376797828,0.04328460349852374
pattern,10,27,0.055908203125,0.028379181810000764,8,0.01003355595118873,0.01966576966432991
pattern,15,2,0.0556640625,0.0618954438403342,8,0.021883344032025718,0.042891354302770406
pattern,1,26,0.05517578125,0.06945275151052557,8,0.02455525578257843,0.04812830133385372
pattern,13,11,0.054931640625,0.05575760174084199,8,0.019713289146824107,0.03863804672777525
pattern,6,27,0.0546875,0.04059494080239556,8,0.014352478961620183,0.028130858764775557
pattern,11,19,0.054443359375,0.08120624076490139,8,0.02871074175976461,0.05627305384913864
pattern,8,18,0.054443359375,0.04655346264278526,8,0.016459134561214034,0.03225990373997951
pattern,11,1,0.05419921875,0.03607054540694167,8,0.012752863629172865,0.024995612713178815
pattern,4,16,0.05419921875,0.06355271016383586,8,0.02246927615981578,0.044039781273238925
pattern,13,23,0.053955078125,0.04051347452551046,8,0.014323676283208447,0.028074405515088555
pattern,7,29,0.053955078125,0.034148782265005534,8,0.01207341775442416,0.023663898798671354
pattern,3,7,0.0537109375,0.04100898117959519,8,0.014498864340821632,0.028417774108010396
pattern,15,9,0.0537109375,0.04979511243742954,8,0.01760523083722651,0.03450625244096396
pattern,13,13,0.053466796875,0.04587542760047591,8,0.01621941297306451,0.03179004942720644
pattern,5,14,0.053466796875,0.07451873043504907,8,0.02634634980801778,0.051638845623714846
pattern,7,19,0.05322265625,0.046310660742528806,8,0.016373291126135874,0.03209165060722631
pattern,11,20,0.052734375,0.034499065884093155,8,0.012197261715621872,0.023906632962618867
pattern,9,30,0.052490234375,0.048491445289738144,8,0.017144314896955153,0.0336028571980321
pattern,6,20,0.05224609375,0.04037620740364869,8,0.014275145026857236,0.027979284252640183
pattern,4,1,0.052001953125,0.03560198430000686,8,0.012587202261115926,0.024670916431787215
pattern,5,13,0.052001953125,0.050381945499387897,8,0.017812707655994117,0.03491290700574847
pattern,6,17,0.0517578125,0.055899749706945084,8,0.019763546042205794,0.03873655024272336
pattern,5,20,0.05126953125,0.06450594764569022,8,0.02280629650356598,0.04470034114698932
pattern,1,21,0.051025390625,0.04548771997618058,8,0.01608233762793603,0.03152138175075462
pattern,10,22,0.050537109375,0.030552296099960012,8,0.010801867876550516,0.02117166103803901
pattern,3,6,0.05029296875,0.03863818089325577,8,0.013660659861166824,0.026774893327886976
pattern,1,31,0.05029296875,0.04647511256007992,8,0.016431433623820296,0.03220560990268778
pattern,2,18,0.050048828125,0.030827527573563666,8,0.010899176897241071,0.0213623867185925
pattern,5,22,0.050048828125,0.021495469436577284,8,0.0075997961016959865,0.014895600359324133
pattern,13,19,0.0498046875,0.034546422208217055,8,0.01221400470458191,0.023939449220980544
pattern,13,8,0.0498046875,0.03137183282072072,8,0.011091617862891158,0.021739571011266667
pattern,12,8,0.04931640625,0.048964652877819044,8,0.017311619044175622,0.033930773326584215
pattern,7,18,0.04931640625,0.05786140170561174,8,0.020457094757498465,0.04009590572469699
pattern,0,11,0.049072265625,0.03514752961043263,8,0.012426528264745943,0.02435599539890205
pattern,15,25,0.048828125,0.053151254016922576,8,0.018791806071967336,0.03683193990105598
pattern,14,26,0.048828125,0.05400563431667504,8,0.019093875123800917,0.0374239952426498
pattern,7,11,0.048828125,0.046172186592494655,8,0.01632433312088178,0.03199569291692829
pattern,5,23,0.048583984375,0.02619222081966779,8,0.009260348477961283,0.018150283016804113
pattern,15,26,0.04833984375,0.05488395437614868,8,0.01940440815885391,0.038032639991353666
pattern,8,6,0.04833984375,0.030824212845046686,8,0.010898004963734996,0.021360089728920593
pattern,13,2,0.047607421875,0.05676016384404117,8,0.020067748377690504,0.039332786820273385
pattern,1,12,0.04736328125,0.04040319234059834,8,0.01428468564281073,0.02799798385990903
pattern,12,26,0.046875,0.04536250319844102,8,0.016038066811607046,0.03143461095074981
pattern,10,30,0.046875,0.0472455591261534,8,0.01670382761952652,0.03273950213427198
pattern,3,5,0.046875,0.023344308776062375,8,0.008253459518833169,0.016176780656913012
pattern,11,4,0.046875,0.05733392651357733,8,0.020270604114900857,0.03973038406520568
pattern,12,18,0.04638671875,0.05654673946145877,8,0.019992291463593218,0.039184891268642705
pattern,7,30,0.0458984375,0.03943737530402519,8,0.013943217754837546,0.02732870679948159
pattern,2,29,0.04541015625,0.03573662195641925,8,0.012634803861042059,0.024764215567642436
pattern,9,17,0.044921875,0.029231698334171417,8,0.010334966058846056,0.02025653347533827
pattern,2,28,0.044921875,0.03821628050951771,8,0.01351149555000363,0.026482531278007114
pattern,9,10,0.044677734375,0.013669383542120543,8,0.004832856898636612,0.00947239952132776
pattern,1,10,0.044677734375,0.03857730901387438,8,0.013639138401819748,0.026732711267566704
pattern,0,4,0.044677734375,0.025983327277729385,8,0.00918649345793592,0.018005527177554406
pattern,8,16,0.044189453125,0.04055380818915257,8,0.014337936386744162,0.028102355318018555
pattern,13,30,0.0439453125,0.03123255651552616,8,0.011042376252960317,0.021643057455802223
pattern,10,20,0.0439453125,0.06036208118864116,8,0.02134121846751055,0.041828788196320674
pattern,2,23,0.04345703125,0.04528735736412172,8,0.016011498747094496,0.031382537544305214
pattern,10,18,0.04345703125,0.06199001966740256,8,0.021916781636353896,0.04295689200725364
pattern,12,14,0.04345703125,0.04633418959492576,8,0.016381609831677586,0.03210795527008807
pattern,10,28,0.04345703125,0.048763908665784325,8,0.01724064524736877,0.033791664684842786
pattern,2,1,0.043212890625,0.03136206017124814,8,0.011088162709535046,0.02173279891068869
pattern,13,28,0.043212890625,0.03044508689350132,8,0.010763963698104232,0.021097368848284295
pattern,11,16,0.04248046875,0.03661039650311036,8,0.0129437298146388,0.025369710436692047
pattern,5,5,0.04248046875,0.024743866131484233,8,0.008748277767172323,0.01714662442365775
pattern,0,5,0.041748046875,0.022169412958383986,8,0.007838071118899118,0.015362619393042272
pattern,3,3,0.040771484375,0.03313638085479069,8,0.011715479803201291,0.02296234041427453
pattern,13,31,0.04052734375,0.036100748925239345,8,0.012763542185474853,0.025016542683530714
pattern,11,17,0.0400390625,0.03650978246935774,8,0.012908157381864294,0.025299988468454014
pattern,1,27,0.039794921875,0.04685101576697182,8,0.016564335477151814,0.03246609753521756
pattern,4,12,0.03955078125,0.03539954875076535,8,0.012515630486304977,0.024530635753157753
pattern,14,25,0.03955078125,0.05069263817509076,8,0.017922554104921364,0.03512820604564587
pattern,9,31,0.0390625,0.0368219010855438,8,0.013018507976884157,0.02551627563469295
pattern,1,2,0.0390625,0.029380461118500407,8,0.010387561645639667,0.020359620825453745
pattern,10,19,0.03857421875,0.04840497449872377,8,0.017113742855604738,0.03354293599698528
pattern,12,25,0.038330078125,0.028968349605102996,8,0.010241858222775487,0.020074042116639955
pattern,6,7,0.037841796875,0.028532389809491816,8,0.010087723158874804,0.019771937391394614
pattern,4,19,0.037841796875,0.0275212965902526,8,0.00973024772300691,0.019071285537093544
pattern,11,30,0.037841796875,0.03845704754611314,8,0.01359661955213504,0.026649374322184678
pattern,5,10,0.03759765625,0.015191747252054731,8,0.005371093749999999,0.010527343749999998
pattern,6,9,0.03759765625,0.025050303395274726,8,0.008856619700789577,0.01735897461354757
pattern,2,24,0.03759765625,0.022384989025627317,8,0.007914288768403761,0.015512005986071371
pattern,12,11,0.037353515625,0.035640231057880306,8,0.012600724532041281,0.02469742008280091
pattern,11,6,0.037353515625,0.03035545665000816,8,0.010732274621617525,0.021035258258370347
pattern,14,13,0.037109375,0.03227936353566869,8,0.01141247842422855,0.022368457711487957
pattern,12,31,0.037109375,0.03652470574096779,8,0.012913433555140774,0.025310329768075915
pattern,11,22,0.03662109375,0.034997004166667484,8,0.012373309483732216,0.024251686588115145
pattern,0,14,0.03662109375,0.022287397328077548,8,0.007879784892841286,0.01544437838996892
pattern,5,7,0.036376953125,0.020747233904050047,8,0.007335254892208618,0.014377099588728891
pattern,11,11,0.0361328125,0.030526644858499666,8,0.010792798793159284,0.021153885634592196
pattern,7,6,0.035400390625,0.03262257527411572,8,0.011533822098047907,0.0226062913121739
pattern,0,8,0.03515625,0.02996812853146775,8,0.010595333452035447,0.020766853565989476
pattern,14,6,0.03466796875,0.04754164626811752,8,0.016808510232479007,0.032944680055658856
pattern,2,15,0.03466796875,0.03169586365347938,8,0.011206180062469744,0.021964112922440698
pattern,11,29,0.03466796875,0.03343618963345317,8,0.011821478213427038,0.023170097298316993
pattern,11,25,0.034423828125,0.035340808656877706,8,0.012494862726947234,0.02448993094481658
pattern,8,17,0.0341796875,0.0410089811795952,8,0.014498864340821633,0.0284177741080104
pattern,11,26,0.0341796875,0.01667117103380542,8,0.0058941490441622784,0.011552532126558065
pattern,9,25,0.0341796875,0.03441999388949217,8,0.012169305543829721,0.023851838865906253
pattern,14,17,0.033935546875,0.04025708958114538,8,0.014233030516831103,0.02789673981298896
pattern,3,20,0.03369140625,0.025395990161179795,8,0.008978838428958536,0.01759852332075873
pattern,12,7,0.033447265625,0.025603024300680552,8,0.009052036050947591,0.01774199065985728
pattern,15,19,0.033203125,0.03254836288262876,8,0.01150758405541366,0.02255486474861077
pattern,2,17,0.032958984375,0.023377842135124668,8,0.008265315351627623,0.01620001808919014
pattern,2,22,0.03271484375,0.031730231637176615,8,0.011218330979633755,0.021987928720082157
pattern,14,8,0.032470703125,0.03088051484046568,8,0.01091791072511255,0.021399105021220596
pattern,13,6,0.0322265625,0.027680483984901583,8,0.009786528966124768,0.019181596773604544
pattern,4,28,0.0322265625,0.02126767745553516,8,0.007519259474448585,0.014737748569919227
pattern,13,5,0.03173828125,0.019412305225514223,8,0.006863286331712079,0.013452041210155675
pattern,13,29,0.03173828125,0.024119314521930602,8,0.00852746542801415,0.016713832238907732
pattern,14,5,0.03076171875,0.031350111684819715,8,0.01108393828164582,0.021724519032025807
pattern,14,12,0.030517578125,0.01534122541944602,8,0.005423942262900858,0.010630926835285682
pattern,1,25,0.030517578125,0.025141235311640052,8,0.00888876898813368,0.017421987216742013
pattern,1,0,0.0302734375,0.030095151141169264,8,0.010640242726377425,0.020854875743699753
pattern,14,22,0.0302734375,0.03137183282072072,8,0.011091617862891158,0.021739571011266667
pattern,14,23,0.02978515625,0.03961316659966046,8,0.01400536936344618,0.027450523952354512
pattern,15,24,0.02978515625,0.0253959901611798,8,0.008978838428958538,0.017598523320758733
pattern,0,10,0.029541015625,0.014293028457714078,8,0.005053348673070962,0.009904563399219085
pattern,15,20,0.029296875,0.030185554322094913,8,0.010672205077514105,0.020917521951927646
pattern,14,28,0.029296875,0.026411070460266143,8,0.00933772351042495,0.0183019380804329
pattern,4,20,0.02880859375,0.024074083700088855,8,0.00851147391759268,0.01668248887848165
pattern,13,24,0.02880859375,0.03711304610600888,8,0.013121443286023934,0.02571802884060691
pattern,10,5,0.028564453125,0.03653869077258681,8,0.012918378010487232,0.025320020900554973
pattern,14,9,0.028564453125,0.018349799815949905,8,0.006487633941636919,0.012715762525608361
pattern,0,25,0.0283203125,0.016274181441314383,8,0.0057537920277068305,0.011277432374305387
pattern,15,4,0.0283203125,0.027203883353875233,8,0.009618025197066508,0.018851329386250355
pattern,13,4,0.02783203125,0.023291724857706402,8,0.008234868296207735,0.016140341860567158
pattern,11,3,0.02734375,0.019808302845199608,8,0.007003292632818713,0.013726453560324677
pattern,12,16,0.027099609375,0.021760039018708197,8,0.007693335574506216,0.015078937726032183
pattern,3,4,0.02685546875,0.0164986635137503,8,0.005833158425543954,0.01143299051406615
pattern,11,15,0.02685546875,0.018842487205229595,8,0.006661825238619302,0.013057177467693831
pattern,2,21,0.02685546875,0.025609674955207537,8,0.00905438741240527,0.01774659932831433
pattern,11,0,0.026123046875,0.028874135680936833,8,0.010208548570445442,0.020008755198073068
pattern,6,8,0.026123046875,0.02516290179012987,8,0.008896429245065972,0.017437001320329305
pattern,15,21,0.02587890625,0.0304685711418743,8,0.010772266633742034,0.021113642602134386
pattern,12,29,0.02587890625,0.024522638032808984,8,0.008670061822791184,0.01699332117267072
pattern,12,1,0.025146484375,0.035640231057880306,8,0.012600724532041281,0.02469742008280091
pattern,13,25,0.024658203125,0.021419277900653774,8,0.00757285832583572,0.014842802318638012
pattern,5,8,0.0244140625,0.020748875493948892,8,0.0073358352818833185,0.014378237152491305
pattern,9,18,0.0244140625,0.019780772181658596,8,0.006993559073378505,0.013707375783821871
pattern,4,29,0.0244140625,0.01864624380201297,8,0.006592442718030501,0.012921187727339781
pattern,11,23,0.024169921875,0.025010842288265122,8,0.008842668092609767,0.017331629461515143
pattern,15,0,0.02392578125,0.024388937965015695,8,0.008622791710500316,0.01690067175258062
pattern,1,20,0.02392578125,0.015685916410360365,8,0.0055458089314455805,0.010869785505633337
pattern,11,31,0.02392578125,0.030859551593075196,8,0.010910499097919798,0.0213845782319228
pattern,6,11,0.023193359375,0.016718094816726585,8,0.005910739106713519,0.011585048649158497
pattern,12,19,0.023193359375,0.021508141785171964,8,0.007604276453508415,0.014904381848876493
pattern,13,15,0.02294921875,0.018014487113271947,8,0.006369082998696133,0.01248340267744442
pattern,14,2,0.022705078125,0.01476193013460056,8,0.00521913045078905,0.010229495683546537
pattern,12,10,0.0224609375,0.016539899927766662,8,0.005847737699535347,0.011461565891089279
pattern,14,29,0.0224609375,0.026307699924828495,8,0.009301176507133527,0.018230305953981712
pattern,15,6,0.02099609375,0.0193560783000999,8,0.006843407111589209,0.01341307793871485
pattern,14,16,0.02099609375,0.02657050004265522,8,0.009394090379839478,0.01841241714448538
pattern,12,22,0.02099609375,0.019468369761678952,8,0.006883108138565158,0.01349089195158771
pattern,13,3,0.02001953125,0.019186408891004394,8,0.006783419916723536,0.013295503036778131
pattern,1,9,0.02001953125,0.011328606055056803,8,0.004005267081460824,0.007850323479663215
pattern,0,18,0.019775390625,0.012973955327721116,8,0.004586985895521469,0.008990492355222078
pattern,6,10,0.019775390625,0.02273974138538683,8,0.008039712668017701,0.015757836829314694
pattern,14,31,0.019775390625,0.017168386160718783,8,0.006069941138136763,0.011897084630748055
pattern,13,0,0.01953125,0.015200712580219013,8,0.005374263472170263,0.010533556405453715
pattern,15,23,0.01953125,0.01721791140685437,8,0.006087450956827966,0.011931403875382813
pattern,11,2,0.01953125,0.012174901913655932,8,0.004304477851713592,0.00843677658935864
pattern,14,7,0.01904296875,0.019635602924388165,8,0.006942233990260637,0.013606778620910849
pattern,10,29,0.0185546875,0.012657696676577852,8,0.004475171577105312,0.008771336291126412
pattern,13,18,0.01806640625,0.009323121901006485,8,0.0032962213590152505,0.0064605938636698905
pattern,14,0,0.017578125,0.016307633031475956,8,0.0057656189508291916,0.011300613143625215
pattern,0,13,0.017578125,0.01734405163830363,8,0.0061320482633470735,0.012018814596160264
pattern,12,28,0.017333984375,0.01883344700550316,8,0.00665862904535438,0.013050912928894584
pattern,1,13,0.01708984375,0.012860574415727135,8,0.004546899689657439,0.00891192339172858
pattern,14,10,0.01708984375,0.01980142376777556,8,0.007000860511671287,0.013721686602875722
pattern,2,8,0.016845703125,0.01176226574571988,8,0.004158588935458386,0.008150834313498436
pattern,7,12,0.0166015625,0.011765161072716527,8,0.004159612588134925,0.008152840672744454
pattern,11,12,0.016357421875,0.01328525002132761,8,0.004697045189919739,0.00920620857224269
pattern,10,1,0.016357421875,0.008854696647960309,8,0.0031306080225612628,0.006135991724220075
pattern,13,1,0.01611328125,0.012429611388044782,8,0.00439453125,0.00861328125
pattern,15,27,0.01611328125,0.01582427336880495,8,0.005594725503215837,0.01096566198630304
pattern,0,15,0.015869140625,0.01691254490985452,8,0.005979487596440078,0.011719795689022552
pattern,13,14,0.015380859375,0.01638888523531779,8,0.005794345942990647,0.011356918048261668
pattern,5,9,0.01513671875,0.010530845126543315,8,0.0037232160003020415,0.007297503360592001
pattern,3,25,0.014892578125,0.0126979950805899,8,0.004489419214479269,0.008799261660379367
pattern,11,13,0.0146484375,0.00927917921222985,8,0.0032806852724064865,0.006430143133916713
pattern,14,4,0.014404296875,0.014576179670150428,8,0.00515345774427843,0.010100777178785722
pattern,4,0,0.01416015625,0.020663339889134186,8,0.007305593878784633,0.01431896400241788
pattern,14,1,0.01416015625,0.013996855090607153,8,0.004948635574926883,0.00969932572685669
pattern,12,12,0.01416015625,0.012689945637574584,8,0.004486573306608817,0.008793683680953282
pattern,0,31,0.013916015625,0.008445188863985324,8,0.002985825157062569,0.005852217307842635
pattern,14,3,0.013671875,0.015763891620341,8,0.005573377331316456,0.010923819569380254
pattern,15,22,0.013671875,0.016962817135681544,8,0.0059972615123338935,0.01175463256417443
pattern,13,7,0.01318359375,0.01384024199245079,8,0.004893264483062383,0.00959079838680227
pattern,12,21,0.01318359375,0.020451266643857775,8,0.007230614663863038,0.014172004741171555
pattern,0,30,0.0126953125,0.01059533345203545,8,0.0037460160664334686,0.007342191490209598
pattern,1,15,0.0126953125,0.010175548286166557,8,0.003597599597719762,0.007051295211530734
pattern,14,21,0.01220703125,0.01453171502232119,8,0.005137737117276868,0.01006996474986266
pattern,15,17,0.01220703125,0.02204152772869783,8,0.007792856862336777,0.015273999450180084
pattern,15,13,0.01171875,0.00910128707047996,8,0.003217790902530913,0.0063068701689605895
pattern,0,29,0.01171875,0.012352647110032733,8,0.004367320268554277,0.008559947726366382
pattern,15,12,0.01171875,0.012352647110032733,8,0.004367320268554277,0.008559947726366382
pattern,15,29,0.01123046875,0.011891857601074824,8,0.004204406575312398,0.0082406368876123
pattern,15,28,0.01123046875,0.011328606055056801,8,0.004005267081460823,0.007850323479663213
pattern,15,7,0.0107421875,0.010799108526988632,8,0.003818061435101565,0.007483400412799067
pattern,10,2,0.01025390625,0.00833558551690271,8,0.0029470745220811392,0.005776266063279033
pattern,2,11,0.009765625,0.006263935357322447,8,0.002214635584038441,0.004340685744715344
pattern,15,31,0.00927734375,0.008593115845108534,8,0.003038125242798907,0.005954725475885858
pattern,15,8,0.0087890625,0.014276337952529054,8,0.0050474476883720825,0.009892997469209281
pattern,15,10,0.00830078125,0.007653943484567636,8,0.002706077670378184,0.0053039122339412405
pattern,5,11,0.007080078125,0.006258495551383357,8,0.002212712322204506,0.004336916151520832
pattern,15,18,0.0068359375,0.011388577919619728,8,0.004026470337517247,0.007891881861533803
pattern,13,12,0.0068359375,0.006176323555016366,8,0.0021836601342771385,0.004279973863183191
pattern,15,30,0.00634765625,0.0058825805363582635,8,0.0020798062940674627,0.004076420336372227
pattern,15,5,0.005859375,0.008858542336153763,8,0.003131967678661223,0.0061386566501759965
pattern,15,15,0.00537109375,0.0054995545045834334,8,0.0019443861418479847,0.00381099683802205
pattern,15,16,0.00341796875,0.004398404790857825,8,0.0015550709270094833,0.003047939016938587
pattern,14,30,0.00341796875,0.0025033982205533425,8,0.0008850849288818024,0.0017347664606083327
